ID,text,acronyms,long-forms,acronyms-text,long-forms-text,AN_Pred,LF_Pred,AN_Pred_idxs,LF_Pred_idxs
1,2 . 2 . 3 . Dá»‹ch mÃ£ vÃ  Protein Dá»‹ch mÃ£ lÃ  hoáº¡t Ä‘á»™ng tá»•ng há»£p protein tá»« RNA Ä‘Æ°á»£c táº¡o ra trong quÃ¡ trÃ¬nh phiÃªn mÃ£ .,"[[72, 75]]",[],['RNA'],[],['RNA'],[],"[[72, 75]]",[]
2,"Learning ( PIRL ) [ 10 ] há»c biá»ƒu diá»…n áº£nh sao cho biá»ƒu diá»…n Ä‘Ã³ báº¥t biáº¿n vá»›i phÃ©p biáº¿n Ä‘á»•i áº£nh dá»±a vÃ o trÃ² chÆ¡i xáº¿p hÃ¬nh jigsaw puzzle . Gáº§n Ä‘Ã¢y , nhá»¯ng tiáº¿n bá»™","[[11, 15]]",[],['PIRL'],[],['PIRL'],[],"[[11, 15]]",[]
3,"lÃ m trÆ°á»›c Ä‘Ã³ vÃ  nhÃ³m nghiÃªn cá»©u hi vá»ng , phÆ°Æ¡ng phÃ¡p LCL sáº½ Ä‘em láº¡i nhá»¯ng hiá»‡u á»©ng vÃ  káº¿t quáº£ tá»‘t Ä‘áº¹p , cÃ³ triá»ƒn vá»ng trong tÆ°Æ¡ng lai . 4.3","[[54, 57]]",[],['LCL'],[],['LCL'],[],"[[54, 57]]",[]
4,Äiá»u nÃ y má»Ÿ ra má»™t hÆ°á»›ng cÃ³ thá»ƒ Ã¡p dá»¥ng VBD trong cÃ¡c phÆ°Æ¡ng phÃ¡p thuá»™c lá»›p tiáº¿p cáº­n dá»±a trÃªn má»Ÿ rá»™ng kiáº¿n trÃºc Ä‘Ã£ cÃ³ . 41,"[[40, 43]]",[],['VBD'],[],['VBD'],[],"[[40, 43]]",[]
5,"HÃ  Ná»™i , ngÃ y 18 thÃ¡ng 06 nÄƒm 2021 Giáº£ng viÃªn hÆ°á»›ng dáº«n PGS. TS ThÃ¢n Quang KhoÃ¡t","[[56, 60], [61, 63]]",[],"['PGS.', 'TS']",[],"['PGS', 'TS']",[],"[[56, 59], [61, 63]]",[]
6,"CÃ¢u 2 : Two weeks ago , viewers of several NBC daytime consumer segment s started calling a 900 number for advice on various life - style issues .",[],[],[],[],['NBC'],[],"[[43, 46]]",[]
7,MÃ´ hÃ¬nh Neural Collaborative Filtering ( NCF ) do Xiangnan He vÃ  cÃ¡c Ä‘á»“ng nghiá»‡p Ä‘á» xuáº¥t [ 3 ] . Model nÃ y gá»“m cÃ³ hai nhÃ¡nh há»£p thÃ nh lÃ  Generalized Matrix,"[[41, 44]]",[],['NCF'],[],['NCF'],[],"[[41, 44]]",[]
8,Ä‘á»™ overfit cÃ ng giáº£m Soft parameter sharing HÃ¬nh dÆ°á»›i Ä‘Ã¢y mÃ´ táº£ phÆ°Æ¡ng phÃ¡p soft parameter sharing trong MTL .,"[[105, 108]]",[],['MTL'],[],['MTL'],[],"[[105, 108]]",[]
9,TÃ¡c giáº£ ÄATN Nguyá»…n Tháº¿ Linh 5 . XÃ¡c nháº­n cá»§a giÃ¡o viÃªn hÆ°á»›ng dáº«n vá» má»©c Ä‘á»™ hoÃ n thÃ nh cá»§a ÄATN vÃ  cho phÃ©p báº£o vá»‡ :,"[[8, 12], [91, 95]]",[],"['ÄATN', 'ÄATN']",[],['ÄATN'],[],"[[8, 12]]",[]
10,"ÄÆ°a chuá»—i nÃ y qua K máº¡ng tÃ­ch cháº­p Conv1 , Conv2 , â€¦ , Convk vÃ  max pooling ( Ä‘á»ƒ Ä‘Æ¡n giáº£n ta set K = 2 ) Vá»›i má»—i máº¡ng tÃ­ch cháº­p i ta thu Ä‘Æ°á»£c vector :",[],[],[],[],[],[],[],[]
11,PhÆ°Æ¡ng phÃ¡p tiáº¿p cáº­n dá»±a trÃªn Support Vector Machine ( SVM ) .. 17 2.2.,"[[55, 58]]",[],['SVM'],[],['SVM'],[],"[[55, 58]]",[]
12,"trÃ­ , Ã¢m nháº¡c â€¦ ) trong má»™t khoáº£ng thá»i gian nháº¥t Ä‘á»‹nh . Input : Person ( P ) , Page ( Pg ) , Comment ( C ) , Status ( S ) Output : G ( N , E )",[],[],[],[],[],['Status'],[],"[[110, 116]]"
13,"Trong Ä‘Ã³ , V lÃ  sá»‘ chiá»u tá»« Ä‘iá»ƒn Ä‘Æ°á»£c xÃ¢y dá»±ng trÃªn toÃ n bá»™ cÃ¡c vÄƒn báº£n hoáº·c Ä‘Æ°á»£c sá»­ dá»¥ng tá»« bá»™ tá»« Ä‘iá»ƒn cÃ³ sáºµn . Tham sá»‘ ğ›½ğ‘˜ğ‘£ Ä‘Æ°á»£c minh há»a báº±ng hÃ¬nh váº½",[],[],[],[],[],[],[],[]
14,"Sinh viÃªn thá»±c hiá»‡n : Nguyá»…n Trá»ng Nháº­t , 20143316 , K59 , Lá»›p KSTN - CNTT 20 2 KIáº¾N THá»¨C CÆ  Sá»","[[63, 74]]",[],['KSTN - CNTT'],[],['KSTN-CNTT'],[],"[[-1, 8]]",[]
15,"viá»‡c há»c cá»§a CL Ä‘Æ°á»£c quyáº¿t Ä‘á»‹nh nhiá»u bá»Ÿi cÃ¡c cáº·p positive vÃ  negative , tuy nhiÃªn Äá»“ Ã¡n tá»‘t nghiá»‡p 30","[[13, 15]]",[],['CL'],[],['CL'],[],"[[13, 15]]",[]
16,"cÃ¡ch ghÃ©p khÃ¡c nhau : sum , concat , mul , â€¦ Cáº¥u trÃºc nÃ y cho phÃ©p cÃ¡c máº¡ng cÃ³ cáº£ thÃ´ng tin lÃ¹i vÃ  tiáº¿n vá» chuá»—i á»Ÿ má»—i bÆ°á»›c . HÃ¬nh 3 Máº¡ng nÆ¡-ron há»“i quy má»Ÿ rá»™ng RNN hai chiá»u","[[161, 164]]","[[133, 152]]",['RNN'],['Máº¡ng nÆ¡-ron há»“i quy'],['RNN'],[],"[[161, 164]]",[]
17,"Äáº¡i há»c BÃ¡ch Khoa HÃ  Ná»™i Viá»‡n CÃ´ng nghá»‡ ThÃ´ng tin vÃ  Truyá»n thÃ´ng Trong cÃ¡c phÆ°Æ¡ng phÃ¡p thuá»™c CL , bÃªn cáº¡nh cáº·p positive vÃ  negative , ngÆ°á»i ta cÃ²n","[[94, 96]]",[],['CL'],[],['CL'],[],"[[94, 96]]",[]
18,hÃ¬nh 25 : ACD ca sá»­ dá»¥ng xem thÃ´ng tin bÃ i Ä‘Äƒng 3 . 4 . 5 . TÃ¬m kiáº¿m viá»‡c lÃ m theo tá»« khÃ³a,"[[10, 13]]",[],['ACD'],[],['ACD'],[],"[[10, 13]]",[]
19,Em - LÃª Tháº¿ Nam - cam káº¿t Ä‘á»“ Ã¡n nghiÃªn cá»©u ( ÄANC ) lÃ  cÃ´ng trÃ¬nh nghiÃªn cá»©u cá»§a riÃªng em dÆ°á»›i sá»± hÆ°á»›ng dáº«n cá»§a ThS. NgÃ´ VÄƒn Linh . CÃ¡c káº¿t quáº£ cÃ³,"[[45, 49], [112, 116]]","[[26, 42]]","['ÄANC', 'ThS.']",['Ä‘á»“ Ã¡n nghiÃªn cá»©u'],"['ÄANC', 'ThS.']","['cam káº¿t Ä‘á»“ Ã¡n nghiÃªn cá»©u', 'nghiÃªn cá»©u', 'em']","[[45, 49], [112, 116]]","[[18, 42], [32, 42], [87, 89]]"
20,"trong viá»‡c káº¿t há»£p cÃ¡c thuáº­t toÃ¡n cá»§a Manifold Learning vÃ o hÆ°á»›ng nghiÃªn cá»©u CL truyá»n thá»‘ng . BÃªn cáº¡nh viá»‡c xÃ¢y dá»±ng má»™t ná»n táº£ng lÃ­ thuyáº¿t cho LCL , cÃ¡c thá»±c","[[77, 79], [145, 148]]",[],"['CL', 'LCL']",[],['CL'],[],"[[77, 79]]",[]
21,CÃ³ tá»•ng cá»™ng 60000 áº£nh cho táº­p huáº¥n luyá»‡n vÃ  10000 áº£nh cho táº­p kiá»ƒm thá»­ . Chia MNIST thÃ nh cÃ¡ch nhÃ³m,"[[79, 84]]",[],['MNIST'],[],['MNIST'],[],"[[79, 84]]",[]
22,Viá»‡n CÃ´ng nghá»‡ ThÃ´ng tin vÃ  Truyá»n thÃ´ng HÃ¬nh 11 : Kiáº¿n trÃºc tá»•ng quan cá»§a máº¡ng Ä‘á»ƒ giáº£i bÃ i toÃ¡n xáº¿p hÃ¬nh ( Nguá»“n : [ NF16 ] ),[],[],[],[],[],[],[],[]
23,"network ) , giÃºp cÃ¡c mÃ´ hÃ¬nh nÃ y giáº£m Ä‘Æ°á»£c overfitting má»™t cÃ¡ch hiá»‡u quáº£ . Ã Sinh viÃªn thá»±c hiá»‡n : Nguyá»…n VÄƒn SÆ¡n , 20143863 , K59 , Lá»›p KSTN - CNTT","[[137, 148]]",[],['KSTN - CNTT'],[],[],[],[],[]
24,"Trong khi Ä‘Ã³ , nhÃ¬n chung xu hÆ°á»›ng cÃ ng tÄƒng C thÃ¬ káº¿t quáº£ biá»ƒu diá»…n áº©n tÃ¬m Ä‘Æ°á»£c Äá»“ Ã¡n tá»‘t nghiá»‡p 55",[],[],[],[],[],[],[],[]
25,toÃ¡n nÃ y lÃ  chia cÃ¡c quan sÃ¡t vÃ o K cá»¥m ( K biáº¿t trÆ°á»›c ) sao cho má»—i quan sÃ¡t chá»‰ thuá»™c vá» má»™t cá»¥m duy nháº¥t . Khoáº£ng cÃ¡ch giá»¯a cÃ¡c quan sÃ¡t trong cÃ¹ng má»™t cá»¥m nhá» hÆ¡n so vá»›i,[],[],[],[],[],[],[],[]
26,HÃ¬nh 8 : MÃ´ táº£ cÃ¡ch xÃ¢y dá»±ng dá»¯ liá»‡u huáº¥n luyá»‡n . - - - - - - - - - - - - - - - - - - - - - - - - - - - - - - - - - - - - - - - - - - - - - - - - - - - - - - - - - - - - - - - - - - - - - - - - - - - - - - - - - - - - - - - - - - - - - - - - - - - - - - - Sinh viÃªn thá»±c hiá»‡n : Nguyá»…n Tháº¿ Linh â€“ 20142585 â€“ K59 â€“ Lá»›p CNTT â€“ TT 2.03,"[[317, 326]]",[],['CNTT â€“ TT'],[],['â€“'],[],"[[294, 295]]",[]
27,HÃ¬nh 16 : So sÃ¡nh kiáº¿n trÃºc MOCO vá»›i cÃ¡c kÄ© thuáº­t trÆ°á»›c Ä‘Ã¢y ( Nguá»“n [ He+20 ] ) mometum 0,"[[28, 32]]",[],['MOCO'],[],['MOCO'],[],"[[28, 32]]",[]
28,"xÃ¡c suáº¥t tÆ°Æ¡ng á»©ng p ( z = k|d ) = DOC [ d, k ] vÃ  p ( z = k|j ) = T OP IC [ k, j ] . LÃºc nÃ y , hai ma tráº­n DOC vÃ  T OP IC Ä‘Æ°á»£c gá»i lÃ  cÃ¡c tham sá»‘ cá»§a mÃ´ hÃ¬nh , Ä‘Æ°á»£c xÃ¡c",[],[],[],[],[],[],[],[]
29,"Variational Bayes ( AEVB ) lÃ  phÆ°Æ¡ng phÃ¡p sá»­ dá»¥ng máº¡ng suy diá»…n cÃ³ kháº£ nÄƒng Ã¡nh xáº¡ trá»±c tiáº¿p má»™t vÄƒn báº£n tá»›i má»™t phÃ¢n phá»‘i háº­u nghiá»‡m xáº¥p xá»‰ , cÃ³ hiá»‡u quáº£ tÃ­nh toÃ¡n tÆ°Æ¡ng Ä‘á»‘i cao mÃ  chi phÃ­ so vá»›i cÃ¡c phÆ°Æ¡ng phÃ¡p khÃ¡c láº¡i tháº¥p .","[[20, 24]]",[],['AEVB'],[],['AEVB'],[],"[[20, 24]]",[]
30,"báº±ng viá»‡c quan sÃ¡t sá»± tÃ¡c Ä‘á»™ng khÃ¡c nhau cá»§a cÃ¡c siÃªu tham sá»‘ lÃªn mÃ´ hÃ¬nh mÃ  Ä‘á»“ Ã¡n Ä‘á» xuáº¥t , em nháº­n tháº¥y káº¿t quáº£ Ä‘áº¡t Ä‘Æ°á»£c khÃ´ng há» thua kÃ©m so vá»›i cÃ¡c káº¿t quáº£ SOTA hiá»‡n nay trong CL vÃ  hÆ°á»›ng nghiÃªn cá»©u nÃ y sáº½ cÃ²n cÃ³ thá»ƒ phÃ¡t triá»ƒn","[[160, 164], [180, 182]]",[],"['SOTA', 'CL']",[],"['SOTA', 'CL']",[],"[[160, 164], [180, 182]]",[]
31,"vá»›i cÃ¡c phÆ°Æ¡ng phÃ¡p trong CL truyá»n thá»‘ng chÃ­nh lÃ  náº±m á»Ÿ chá»— , cÃ¡c tri thá»©c vá» cáº¥u trÃºc cá»¥c bá»™ cá»§a khÃ´ng gian gá»‘c Ä‘Æ°á»£c Ä‘Æ°a vÃ o Ä‘á»ƒ mÃ´ hÃ¬nh cÃ³ thá»ƒ há»c Ä‘Æ°á»£c . VÃ ","[[26, 28]]",[],['CL'],[],['CL'],[],"[[26, 28]]",[]
32,"( 20 ) Æ¯u Ä‘iá»ƒm lá»›n nháº¥t cá»§a FCM lÃ  nÃ³ cÃ³ thá»ƒ phÃ¢n cÃ¡c quan sÃ¡t vá» nhiá»u nhÃ³m cÃ¹ng lÃºc . Trong tá»± nhiÃªn Ä‘iá»u nÃ y há»£p lÃ­ hÆ¡n lÃ  má»—i Ä‘á»‘i tÆ°á»£ng chá»‰ thuá»™c vá» má»™t nhÃ³m , vÃ­ dá»¥ má»™t","[[28, 31]]",[],['FCM'],[],['FCM'],[],"[[28, 31]]",[]
33,"Khi Ä‘Ã³ , náº¿u trÃªn thá»±c táº¿ rank ( H ) > k , phÃ©p phÃ¢n rÃ£ trÃªn 57 Äá»“ Ã¡n tá»‘t nghiá»‡p kÄ© sÆ° há»‡ thá»‘ng thÃ´ng tin",[],[],[],[],[],[],[],[]
34,"CIFAR100 . Äiá»u nÃ y giÃºp cho mÃ´ hÃ¬nh trÃ¡nh Ä‘Æ°á»£c hiá»‡n tÆ°á»£ng há»c quÃ¡ khá»›p , do lÆ°á»£ng dá»¯ liá»‡u cá»§a CIFAR10 lá»›n hÆ¡n ráº¥t nhiá»u so vá»›i dá»¯ liá»‡u cá»§a cÃ¡c tÃ¡c vá»¥ Ä‘Æ°á»£c","[[0, 8], [95, 102]]",[],"['CIFAR100', 'CIFAR10']",[],['CIFAR100'],[],"[[0, 8]]",[]
35,( 17 ) j=1 Vá»›i W thá»a mÃ£n Ä‘iá»u kiá»‡n :,[],[],[],[],[],[],[],[]
36,"NhÆ°ng á»Ÿ chiá»u dá»‹ch Viá»‡t - Anh , káº¿t quáº£ LSTM láº¡i cao hÆ¡n káº¿t quáº£ á»Ÿ chiá»u dá»‹ch Anh - Viá»‡t vÃ  trÃ¡i ngÆ°á»£c háº³n vá»›i hai mÃ´ hÃ¬nh Transformer vÃ  ConvS2S .","[[40, 44], [138, 145]]",[],"['LSTM', 'ConvS2S']",[],"['LSTM', 'ConvS2S']",[],"[[40, 44], [138, 145]]",[]
37,"liá»‡u "" views "" vÃ  "" wants "" tÆ°Æ¡ng á»©ng . CÃ¡c tham sá»‘ cá»§a mÃ´ hÃ¬nh Ä‘Æ°á»£c Æ°á»›c lÆ°á»£ng sá»­ dá»¥ng ká»¹ thuáº­t stochastic gradient descent ( SGD ) truyá»n thá»‘ng .","[[126, 129]]",[],['SGD'],[],['SGD'],[],"[[126, 129]]",[]
38,q ( Î˜ | Î»Ì‚t ) âˆ exp ( Î»Ì‚t . T (Î˜ ) ) á» Ä‘Ã¢y giÃ¡ trá»‹ tiÃªn nghiá»‡m Î· Ä‘Æ°á»£c chuyá»ƒn thÃ nh tham sá»‘ tá»± nhiÃªn Î»0 cá»§a má»™t,[],[],[],[],[],[],[],[]
39,". . . Sinh viÃªn thá»±c hiá»‡n : Nguyá»…n Trá»ng Nháº­t , 20143316 , K59 , Lá»›p KSTN - CNTT 12","[[69, 80]]",[],['KSTN - CNTT'],[],['KSTN-CNTT'],[],"[[-1, 8]]",[]
40,"pu ( x ) trong Ä‘Ã³ , pu ( x) lÃ  má»™t phÃ¢n phá»‘i xÃ¡c suáº¥t khÃ´ng Ä‘á»•i cá»§a x . NhÆ° váº­y chÃºng ta mÃ´ hÃ¬nh hÃ³a bÃ i toÃ¡n thÃ nh xáº¥p xá»‰ p ( Î˜t | D1 : tâˆ’1 ) bá»Ÿi má»™t",[],[],[],[],[],[],[],[]
41,Báº£ng 0 .3 Tham sá»‘ tá»‘t nháº¥t cho Split CIFAR100 EWC,"[[37, 45], [46, 49]]",[],"['CIFAR100', 'EWC']",[],['CIFAR100'],[],"[[37, 45]]",[]
42,"á» Ä‘Ã¢y Ä‘áº¡i lÆ°á»£ng phÃ¢n phá»‘i ğ‘ğ‘¡ ( Î¸ ) cáº§n Ä‘Æ°á»£c chá»n Ä‘á»ƒ Æ°á»›c lÆ°á»£ng , VCL Ä‘á» xuáº¥t sá»­ ğ‘˜ dá»¥ng xáº¥p xá»‰ báº±ng GMF , á»Ÿ Ä‘Ã³ chiá»u thá»© ğ‘— â€² cá»§a tham sá»‘ Î¸ = { ğœƒğ‘— } ğ‘—=1 sáº½ tuÃ¢n theo","[[64, 67], [98, 101]]",[],"['VCL', 'GMF']",[],"['VCL', 'GMF']",[],"[[64, 67], [98, 101]]",[]
43,"PhÆ°Æ¡ng phÃ¡p tá»‘i Æ°u lÃ  stochastic gradient descent ( SGD ) . MÃ´ hÃ¬nh ITE ( Implicit to Explicit ) NhÆ° Ä‘Ã£ Ä‘á» cáº­p á»Ÿ pháº§n trÆ°á»›c , trong má»™t sá»‘ há»‡ thá»‘ng mÃ  dá»¯ liá»‡u hÃ nh vi tiá»m áº©n vÃ ","[[52, 55], [68, 71]]",[],"['SGD', 'ITE']",[],"['SGD', 'ITE']",[],"[[52, 55], [68, 71]]",[]
44,"mua nÃ³ ) . Em gá»i nhÃ³m cÃ¡c mÃ´ hÃ¬nh loáº¡i nÃ y lÃ  Implicit To Explicit ( ITE ) . Sau Ä‘Ã¢y , em sáº½ giá»›i thiá»‡u vá» sÃ¡u mÃ´ hÃ¬nh cá»¥ thá»ƒ trong nhÃ³m cÃ¡c mÃ´ hÃ¬nh","[[70, 73]]",[],['ITE'],[],['ITE'],[],"[[70, 73]]",[]
45,3 . 4 . 1 Generalized Matrix Factorization ( GMF ) HÃ¬nh 18 . MÃ´ hÃ¬nh Gereralized Matrix Factorization,"[[45, 48]]",[],['GMF'],[],['GMF'],[],"[[45, 48]]",[]
46,âˆ†T ransf ormer âˆ’ base Anh - Viá»‡t Viá»‡t - Anh,[],[],[],[],[],[],[],[]
47,"â€¢ CÅ©ng giá»‘ng nhÆ° cÃ¡c phÆ°Æ¡ng phÃ¡p thuáº§n lá»c cá»™ng tÃ¡c khÃ¡c , mÃ´ hÃ¬nh NeuMF gáº·p váº¥n Ä‘á» cold start . Sinh viÃªn thá»±c hiá»‡n : Nguyá»…n Trá»ng Nháº­t , 20143316 , K59 , Lá»›p KSTN - CNTT","[[67, 72], [160, 171]]",[],"['NeuMF', 'KSTN - CNTT']",[],['NeuMF'],[],"[[67, 72]]",[]
48,"â€² Theo cÃ´ng thá»©c PT 3. 15 , ta tháº¥y náº¿u nhÆ° thÃ nh pháº§n ğ¶ğ‘œğ‘£ [ ğ¿ ( ğ‘š ) , ğ¿ ( ğ‘š ) ] â‰  0 , khi Ä‘Ã³ phÆ°Æ¡ng sai cá»§a kháº£ nÄƒng xáº£y ra trÃªn toÃ n bá»™ dá»¯ liá»‡u sáº½ lá»›n , dáº«n Ä‘áº¿n viá»‡c tá»‘i Æ°u","[[17, 19]]",[],['PT'],[],['PT'],[],"[[17, 19]]",[]
49,2 . 2 MÃ´ hÃ¬nh Gá»£i Ã½ tin tá»©c dá»±a trÃªn cÆ¡ cháº¿ Há»c chÃº Ã½ Ä‘a gÃ³c nhÃ¬n ( NAML ),"[[68, 72]]","[[6, 65]]",['NAML'],['MÃ´ hÃ¬nh Gá»£i Ã½ tin tá»©c dá»±a trÃªn cÆ¡ cháº¿ Há»c chÃº Ã½ Ä‘a gÃ³c nhÃ¬n'],['NAML'],"['Ã½', 'Há»c chÃº Ã½ Ä‘a gÃ³c nhÃ¬n']","[[68, 72]]","[[18, 19], [44, 65]]"
50,"ğ‘ ( ğœ‡ğ‘š , ğœğ‘š , trong Ä‘Ã³ { ğ‘š",[],[],[],[],[],[],[],[]
51,Stochastic Optimization Tá»‘i Æ°u hÃ³a ngáº«u nhiÃªn LSA,"[[46, 49]]",[],['LSA'],[],[],[],[],[]
52,"CIFAR10 / 100 Trong thá»­ nghiá»‡m nÃ y , qua HÃ¬nh 4.9 ta tháº¥y Ä‘Æ°á»£c cÃ¡c káº¿t quáº£ Ä‘áº¡t Ä‘Æ°á»£c trÃªn cÃ¡c phÆ°Æ¡ng phÃ¡p Ä‘á»u cao hÆ¡n so vá»›i thá»­ nghiá»‡m trÃªn Split Cifar 100 , máº·c dÃ¹ cÃ¡c tÃ¡c","[[0, 13], [146, 151]]",[],"['CIFAR10 / 100', 'Cifar']",[],[],[],[],[]
53,"Normalized discounted cumulative gain NDCG Sinh viÃªn thá»±c hiá»‡n : Nguyá»…n Trá»ng Nháº­t , 20143316 , K59 , Lá»›p KSTN - CNTT","[[106, 117], [38, 42]]",[],"['KSTN - CNTT', 'NDCG']",[],['NDCG'],[],"[[38, 42]]",[]
54,"Pháº§n nÃ y sáº½ trÃ¬nh bÃ y vá» ká»¹ thuáº­t Dropout Bayes biáº¿n phÃ¢n ( VBD ) cÅ©ng nhÆ° kiáº¿n thá»©c liÃªn quan . Äá»ƒ Ä‘Æ¡n giáº£n , ta lÃ m viá»‡c vá»›i má»™t táº§ng káº¿t ná»‘i Ä‘áº§y Ä‘á»§ ( Fullyconnected layer ) vá»›i K nÆ¡-ron Ä‘áº§u vÃ o , D nÆ¡-ron Ä‘áº§u ra trÆ°á»›c hÃ m kÃ­ch hoáº¡t .","[[60, 63]]","[[34, 57]]",['VBD'],['Dropout Bayes biáº¿n phÃ¢n'],['VBD'],['biáº¿n phÃ¢n'],"[[60, 63]]","[[48, 57]]"
55,"Kiáº¿n trÃºc cá»§a mÃ´ hÃ¬nh hoÃ n Sinh viÃªn thá»±c hiá»‡n : Nguyá»…n Trá»ng Nháº­t , 20143316 , K59 , Lá»›p KSTN - CNTT 35","[[90, 101]]",[],['KSTN - CNTT'],[],['KSTN-CNTT'],[],"[[-1, 8]]",[]
56,biá»ƒu diá»…n áº©n hi = f ( xi ) 3 . Má»™t máº¡ng MLP g ( . ) Ä‘Æ¡n giáº£n hay cÃ²n gá»i lÃ  projection head Ä‘á»ƒ map tá»« khÃ´ng,"[[40, 43]]",[],['MLP'],[],['MLP'],[],"[[40, 43]]",[]
57,en vÃ  train . vi . MÃ´ hÃ¬nh ngÃ´n ngá»¯ sá»­ dá»¥ng mÃ´ hÃ¬nh ngÃ´n ngá»¯ dá»±a trÃªn LSTM,"[[70, 74], [0, 2], [14, 16]]",[],"['LSTM', 'en', 'vi']",[],[],['MÃ´ hÃ¬nh ngÃ´n ngá»¯ sá»­ dá»¥ng mÃ´ hÃ¬nh ngÃ´n ngá»¯ dá»±a'],[],"[[19, 64]]"
58,dá»¥ng káº¿t há»£p dá»¯ liá»‡u hÃ nh vi tiá»m áº©n vÃ  hÃ nh vi rÃµ rÃ ng Ä‘Æ°á»£c cÃ´ng bá»‘ gáº§n Ä‘Ã¢y hay khÃ´ng ? â€¢ MÃ´ hÃ¬nh ITE - item _ pcat vÃ  ITE - user _ item _ pcat cÃ³ hiá»‡u quáº£ hÆ¡n khi cÃ³,"[[99, 116], [120, 144]]",[],"['ITE - item _ pcat', 'ITE - user _ item _ pcat']",[],['ITE-item_pcat'],[],"[[-1, 12]]",[]
59,"sá»± hÆ°á»›ng dáº«n cá»§a THS. NgÃ´ VÄƒn Linh . CÃ¡c káº¿t quáº£ nÃªu trong ÄATN lÃ  trung thá»±c , khÃ´ng pháº£i sao chÃ©p cá»§a báº¥t cá»© cÃ´ng","[[17, 21], [59, 63]]",[],"['THS.', 'ÄATN']",[],"['THS.', 'ÄATN']",[],"[[17, 21], [59, 63]]",[]
60,"Sentence Prediction . Masked Language Model ( MLM ) Äáº§u tiÃªn , 15 % sá»‘ tá»« trong má»™t chuá»—i sáº½ Ä‘Æ°á»£c thay tháº¿ báº±ng [ MASK ] , sau Ä‘Ã³ Ä‘Æ°á»£c","[[46, 49]]",[],['MLM'],[],"['MLM', 'MASK']",[],"[[46, 49], [114, 118]]",[]
61,"Káº¿t há»£p manifold learning vÃ o Contrastive Learning : NhÆ° Ä‘Ã£ nÃ³i tá»« trÆ°á»›c , viá»‡c káº¿t há»£p manifold learning vÃ o CL dá»±a trÃªn Ã½ tÆ°á»Ÿng thuáº­t toÃ¡n LLE . CÃ¡ch","[[110, 112], [141, 144]]",[],"['CL', 'LLE']",[],"['CL', 'LLE']",[],"[[110, 112], [141, 144]]",[]
62,"hiá»ƒu vá» phÃ¢n phá»‘i population : Giáº£ sá»­ cÃ³ má»™t táº­p gá»“m D vÄƒn báº£n Ä‘Æ°á»£c Ä‘Ã¡nh sá»‘ tá»« 1 Ä‘áº¿n D , thá»±c hiá»‡n D láº§n láº¥y máº«u cÃ³ hoÃ n láº¡i trong táº­p nÃ y , káº¿t quáº£ thu Ä‘Æ°á»£c",[],[],[],[],[],[],[],[]
63,Ná»™i dung Impression ID,"[[20, 22]]",[],['ID'],[],[],[],[],[]
64,"trong quÃ¡ trÃ¬nh huáº¥n luyá»‡n , hÃ m Attention Ä‘Æ°á»£c tÃ­nh bá»Ÿi : ğ´ğ‘¡ğ‘¡ğ‘’ğ‘›ğ‘¡ğ‘–ğ‘œğ‘› ( ğ‘„ , ğ¾ , ğ‘‰ ) = ğ‘ ğ‘œğ‘“ğ‘¡ğ‘šğ‘ğ‘¥ ( ğ‘„ğ¾ ğ‘‡",[],[],[],[],[],[],[],[]
65,"a . Kiáº¿n trÃºc cho thá»­ nghiá»‡m Split MNIST , b . Kiáº¿n trÃºc cho thá»­ nghiá»‡m Split CIFAR100 vÃ  Split CIFAR10 / 100 , trong Ä‘Ã³ k lÃ  kÃ­ch thÆ°á»›c bá»™ lá»c , c lÃ  sá»‘ kÃªnh Ä‘áº§u ra , s","[[35, 40], [78, 86], [96, 109]]",[],"['MNIST', 'CIFAR100', 'CIFAR10 / 100']",[],['MNIST'],[],"[[35, 40]]",[]
66,"gá»‘c trong cáº£ quÃ¡ trÃ¬nh há»c , vÃ  khi káº¿t quáº£ Ä‘áº¿n há»™i tá»¥ sau 500 epoch , cÃ¡c phÆ°Æ¡ng phÃ¡p LCL cho káº¿t quáº£ nhá»‰nh hÆ¡n so vá»›i SimCLR khoáº£ng 1 % Ä‘á»™ chÃ­nh xÃ¡c trÃªn táº­p Äá»“ Ã¡n tá»‘t nghiá»‡p","[[87, 90], [120, 126]]",[],"['LCL', 'SimCLR']",[],['LCL'],[],"[[87, 90]]",[]
67,"Káº¿t luáº­n Nhá»¯ng Ä‘Ã³ng gÃ³p chÃ­nh cá»§a Ä‘á»“ Ã¡n Xuáº¥t phÃ¡t tá»« bÃ i toÃ¡n thá»±c táº¿ tá»« dá»¯ liá»‡u , SSL lÃ  má»™t hÆ°á»›ng nghiÃªn cá»©u Ä‘ang","[[83, 86]]",[],['SSL'],[],['SSL'],[],"[[83, 86]]",[]
68,PhiÃªn mÃ£ lÃ  bÆ°á»›c Ä‘áº§u tiÃªn trong viá»‡c chuyá»ƒn thÃ´ng tin di truyá»n tá»« DNA thÃ nh tÃ­nh tráº¡ng . CÃ¡c DNA vá»‘n á»Ÿ dáº¡ng máº¡ch xoáº¯n kÃ©p sáº½ Ä‘Æ°á»£c thÃ¡o xoáº¯n vÃ  tÃ¡ch thÃ nh hai máº¡ch,"[[67, 70], [94, 97]]",[],"['DNA', 'DNA']",[],['DNA'],[],"[[67, 70]]",[]
69,"Äá»‘i vá»›i tá»«ng tÃ¡c vá»¥ riÃªng biá»‡t , ALV cÅ©ng cho tháº¥y kháº£ nÄƒng vÆ°á»£t trá»™i cá»§a mÃ¬nh hÆ¡n hai trÆ°á»ng há»£p cÃ¹ng Ä‘Æ°á»£c Ä‘Ã¡nh giÃ¡ .","[[33, 36]]",[],['ALV'],[],['ALV'],[],"[[33, 36]]",[]
70,"Äáº§u ra : Táº­p cÃ¡c tÃ¢m cá»¥m { ğœ‡1 , ğœ‡2 , â€¦ , ğœ‡ğ¾ } ; ğœ‡ğ‘˜ âˆˆ â„ğ‘€ ; táº­p nhÃ£n á»©ng vá»›i tá»«ng quan 1 náº¿u ğ‘¥ğ‘› thuá»™c cá»¥m ğ‘˜",[],[],[],[],[],[],[],[]
71,"báº£n d vÃ  fj lÃ  sá»‘ vÄƒn báº£n chá»©a tá»« j . Khi Ä‘Ã³ LSI sá»­ dá»¥ng phÆ°Æ¡ng phÃ¡p phÃ¢n tÃ­ch giÃ¡ trá»‹ riÃªng ( cá»¥ thá»ƒ hÆ¡n lÃ  truncated Single Value Decomposition ) , Ä‘á»ƒ tÃ¬m ra","[[45, 48]]",[],['LSI'],[],['LSI'],[],"[[45, 48]]",[]
72,"táº­p dá»¯ liá»‡u Ä‘áº§u vÃ o , ANN thÆ°á»ng sáº½ cáº§n há»c láº¡i tá»« Ä‘áº§u Ä‘á»ƒ cÃ³ thá»ƒ thÃ­ch nghi vá»›i dá»¯ liá»‡u má»›i Ä‘Ã³ vÃ  trÃ¡nh hiá»‡n tÆ°á»£ng quÃªn nghiÃªm trá»ng ( Catastrophic Forgetting ) [ 3 ] . Hiá»‡n tÆ°á»£ng nÃ y xáº£y ra khi tham sá»‘ há»c Ä‘Æ°á»£c tá»« dá»¯ liá»‡u cÅ© cá»§a máº¡ng khÃ´ng phÃ¹ há»£p","[[22, 25]]",[],['ANN'],[],['ANN'],[],"[[22, 25]]",[]
73,thá»©c PT 2.21 28,"[[5, 7]]",[],['PT'],[],['PT'],[],"[[5, 7]]",[]
74,quÃªn cá»§a mÃ´ hÃ¬nh trÃªn tÃ¡c vá»¥ 1 sau khi há»c xong tÃ¡c vá»¥ 2 : F1 = L1 ( w2 âˆ— ) âˆ’ L1 ( w1âˆ— ) 1,[],[],[],[],[],[],[],[]
75,"khÃ¡c nhau vÃ  cáº­p nháº­t má»™t cÃ¡ch riÃªng biá»‡t ( hÃ¬nh 16a ) hoáº·c khÃ´ng cáº§n Ä‘áº¿n hai máº¡ng encoder mÃ  chá»‰ cáº§n sample tá»« má»™t memory bank Ä‘á»ƒ láº¥y negative ( hÃ¬nh 16b ) . Tuy nhiÃªn , cÃ¡ch lÃ m cá»§a MOCO lÃ  sá»­ dá»¥ng má»™t tá»« Ä‘iá»ƒn hoáº¡t Ä‘á»™ng nhÆ° hÃ ng Ä‘á»£i","[[184, 188]]",[],['MOCO'],[],['MOCO'],[],"[[184, 188]]",[]
76,"Giá»¯ láº¡i thÃ´ng tin lÃ  chÆ°a Ä‘á»§ : Tuy nhiÃªn , viá»‡c chá»‰ giá»¯ nhiá»u thÃ´ng tin nháº¥t tá»« Ä‘áº§u vÃ o cÃ³ thá»ƒ dáº«n Ä‘áº¿n nhá»¯ng Ä‘iá»ƒm yáº¿u lÃ m cho biá»ƒu diá»…n áº©n mÃ  máº¡ng AE há»c ra","[[147, 149]]",[],['AE'],[],['AE'],[],"[[147, 149]]",[]
77,"lá»›n vá» máº·t tÃ­nh toÃ¡n , cá»¥ thá»ƒ cÃ¡c mÃ´ hÃ¬nh CL thÆ°á»ng muá»‘n cÃ³ kÃ­ch thÆ°á»›c batch lá»›n Ä‘á»ƒ tÄƒng Ä‘Æ°á»£c sá»‘ máº«u negative . Trong má»™t sá»‘ phÆ°Æ¡ng phÃ¡p khÃ¡c , viá»‡c pháº£i","[[42, 44]]",[],['CL'],[],['CL'],[],"[[42, 44]]",[]
78,30 HÃ¬nh 4 . 1 Biá»ƒu Ä‘á»“ ROC Trong Ä‘Ã³ :,"[[22, 25]]",[],['ROC'],[],['ROC'],[],"[[22, 25]]",[]
79,"lÃ½ . Äáº·c biá»‡t lÃ  loáº¡i vÄƒn báº£n trÃªn web cÃ³ láº«n cÃ¡c HTML tag , code JS , Ä‘Ã³ chÃ­nh lÃ  nhiá»…u . Tiá»n xá»­ lÃ½ Ä‘Æ°á»£c xÃ¢y dá»±ng trÃªn 4 bÆ°á»›c :","[[50, 54], [66, 68]]",[],"['HTML', 'JS']",[],[],[],[],[]
80,"Tá»« táº­p cÃ¡c vector thu Ä‘Æ°á»£c á»Ÿ bÆ°á»›c má»™t ta Ä‘Æ°a qua cÃ¡c CNN block Ä‘Æ°a ra vector biá»ƒu diá»…n cho cÃ¢u . Module 3 ( pair module ) : Sá»­ dá»¥ng cÃ¡c cÆ¡ cháº¿ attention , label embeddings , connective","[[53, 56]]",[],['CNN'],[],['CNN'],[],"[[53, 56]]",[]
81,Ã¡p dá»¥ng hÆ°á»›ng nghiÃªn cá»©u SSL trong cÃ¡c lÄ©nh vá»±c trÃªn mÃ  sáº½ chá»‰ hÆ°á»›ng Ä‘áº¿n viá»‡c Ä‘i sÃ¢u vÃ o trá»ng tÃ¢m má»™t vÃ i phÆ°Æ¡ng phÃ¡p ráº¥t má»›i trong SSL vÃ  tÃ¬m cÃ¡ch Ä‘á»ƒ cáº£i thiá»‡n cÃ¡c phÆ°Æ¡ng phÃ¡p Ä‘Ã³ theo má»™t tÆ° duy má»›i .,"[[25, 28], [133, 136]]",[],"['SSL', 'SSL']",[],['SSL'],[],"[[25, 28]]",[]
82,"thay Ä‘á»•i báº¥t thÆ°á»ng cá»§a dá»¯ liá»‡u dÃ²ng , Ä‘áº·c biá»‡t lÃ  concept drift . Tuy nhiÃªn chÃºng ta cÃ³ thá»ƒ tháº¥y phÆ°Æ¡ng phÃ¡p há»c cá»§a HPP lÃ  khÃ¡ phá»©c táº¡p , Ä‘áº·c biá»‡t vá»›i nhá»¯ng","[[118, 121]]",[],['HPP'],[],['HPP'],[],"[[118, 121]]",[]
83,vÃ  má»Ÿ rá»™ng sÃ¢u hÆ¡n ná»¯a cho nhiá»u mÃ´ hÃ¬nh khÃ¡c cá»§a CL . Äá»“ Ã¡n tá»‘t nghiá»‡p 7,"[[50, 52]]",[],['CL'],[],['CL'],[],"[[50, 52]]",[]
84,t nÃ y Ä‘Æ°á»£c Ä‘Æ°a qua má»™t hÃ m chuyá»ƒn Ä‘á»•i Î˜Ìƒ = f ( Î˜t Ï€ t ) . HÃ m chuyá»ƒn Ä‘á»•i f nÃ y,[],[],[],[],[],[],[],[]
85,"4 . CÃ¡c thuáº­t toÃ¡n regularization : Ridge Regression , Least Absolute Shrinkage and Selection Operator ( LASSO ) , Least-Angle Regression ( LARS ) , . . . 12","[[105, 110], [140, 144]]",[],"['LASSO', 'LARS']",[],"['LASSO', 'LARS']",['Least-Angle'],"[[105, 110], [140, 144]]","[[115, 126]]"
86,cÃ¡c thá»­ nghiá»‡m . CÃ¡c thá»­ nghiá»‡m Ä‘Æ°á»£c thá»±c hiá»‡n trÃªn bá»™ dá»¯ liá»‡u chuáº©n Penn Discourse Treebank ( PDTB ) .,"[[95, 99]]",[],['PDTB'],[],['PDTB'],[],"[[95, 99]]",[]
87,"â€“ Táº¥t nhiÃªn , mÃ´ hÃ¬nh váº«n chÆ°a giáº£i quyáº¿t Ä‘Æ°á»£c váº¥n Ä‘á» cold start Sinh viÃªn thá»±c hiá»‡n : Nguyá»…n Trá»ng Nháº­t , 20143316 , K59 , Lá»›p KSTN - CNTT 34","[[128, 139]]",[],['KSTN - CNTT'],[],['KSTN-CNTT'],[],"[[-1, 8]]",[]
88,4 . 2 Äá»™ Ä‘o WER Äá»™ Ä‘o Ä‘Æ°á»£c sá»­ dá»¥ng cho bÆ°á»›c nháº­n dáº¡ng vÄƒn báº£n lÃ  Word Error Rate ( WER ) .,"[[12, 15], [83, 86]]",[],"['WER', 'WER']",[],['WER'],[],"[[12, 15]]",[]
89,"dá»¯ liá»‡u khi Ä‘Ã£ biáº¿t tham sá»‘ mÃ´ hÃ¬nh Ä‘Æ°á»£c Ä‘á»‹nh nghÄ©a : L ( Î¸ ) = p ( D | Î¸ ) . Khi Ä‘Ã³ Æ°á»›c lÆ°á»£ng há»£p lÃ½ cá»±c Ä‘áº¡i ( Maximum Likelihood estimator , MLE ) tÃ¬m ra tham sá»‘ Î¸M LE","[[143, 146]]","[[85, 109]]",['MLE'],['Æ°á»›c lÆ°á»£ng há»£p lÃ½ cá»±c Ä‘áº¡i'],[],[],[],[]
90,i=1 PhÆ°Æ¡ng phÃ¡p Ä‘á» xuáº¥t bá»Ÿi Ä‘á»“ Ã¡n Ä‘Æ°á»£c Ä‘áº·t tÃªn lÃ  VBD - CL . VBD - CL Ä‘Æ°á»£c so sÃ¡nh,"[[50, 58], [61, 69]]",[],"['VBD - CL', 'VBD - CL']",[],['VBD-CL'],[],"[[-1, 5]]",[]
91,"Ä‘iá»ƒm máº¡nh vÃ  háº¡n cháº¿ riÃªng . á» pháº§n nÃ y , em xin tiáº¿n hÃ nh thá»­ nghiá»‡m , Ä‘Ã¡nh giÃ¡ vá»›i nhá»¯ng má»¥c tiÃªu sau :",[],[],[],[],[],[],[],[]
92,Báº£ng 0 .5 Tham sá»‘ tá»‘t nháº¥t cho Split Omniglot EWC,"[[46, 49]]",[],['EWC'],[],[],[],[],[]
93,"- Cung cáº¥p má»™t ná»n táº£ng lÃ½ tÆ°á»Ÿng , cho phÃ©p cung cáº¥p tÃ­ch há»£p cÃ¡c ká»¹ thuáº­t hiá»‡n Ä‘áº¡i nhÆ° mÃ´ hÃ¬nh thiáº¿t káº¿ hÆ°á»›ng Ä‘á»‘i tÆ°á»£ng , há»‡ chuyÃªn gia , há»‡ thÃ´ng tin Ä‘á»‹a lÃ½ ( GIS ) .","[[161, 164]]","[[139, 158]]",['GIS'],['há»‡ thÃ´ng tin Ä‘á»‹a lÃ½'],['GIS'],"['há»‡', 'há»‡ thÃ´ng tin Ä‘á»‹a lÃ½']","[[161, 164]]","[[123, 125], [139, 158]]"
94,hÃ¬nh 31 : ACD ca sá»­ dá»¥ng Ä‘Äƒng bÃ i tuyá»ƒn dá»¥ng 3.4 .11 . Xem cÃ¡c bÃ i tuyá»ƒn dá»¥ng Ä‘Ã£ Ä‘Äƒng,"[[10, 13]]",[],['ACD'],[],['ACD'],[],"[[10, 13]]",[]
95,"â€¢ áº¢nh mÃ u : LÃ  áº£nh Ä‘Æ°á»£c tá»• há»£p tá»« 3 mÃ u cÆ¡ báº£n Ä‘á» ( R ) , lá»¥c ( G ) , lÆ¡ ( B ) theo lÃ½ thuyáº¿t cá»§a Thomas . áº¢nh mÃ u thÆ°á»ng Ä‘Æ°á»£c thu nháº­n trÃªn cÃ¡c dáº£i bÄƒng táº§n khÃ¡c",[],[],[],[],[],[],[],[]
96,TÃ¡c v 10 VBD - CL UCL,"[[9, 17], [18, 21]]",[],"['VBD - CL', 'UCL']",[],[],[],[],[]
97,"Bayes , ta cáº§n xáº¥p xá»‰ phÃ¢n phá»‘i háº­u nghiá»‡m p ( E | D , Î³ ) báº±ng phÃ¢n phá»‘i biáº¿n phÃ¢n qÏ† ( E ) . Má»™t lá»±a chá»n phá»• biáº¿n cho phÃ¢n phá»‘i biáº¿n phÃ¢n lÃ  tuÃ¢n theo phÃ¢n phá»‘i",[],[],[],[],[],[],[],[]
98,áº©n cÃ³ dáº¡ng : k X,[],[],[],[],[],[],[],[]
99,"( ğœƒğ‘— âˆ’ ğœƒğ‘¡âˆ’1,ğ‘— 2 Äá»‘i vá»›i viá»‡c Ã¡p dá»¥ng cho EWC do chá»‰ sá»­ dá»¥ng máº¡ng nÆ¡-ron nhÃ¢n táº¡o káº¿t ná»‘i","[[41, 44]]",[],['EWC'],[],['EWC'],[],"[[41, 44]]",[]
100,viÃªn tiá»m nÄƒng 2 â€“ Há»‡ thá»‘ng sáº½ gá»­i láº¡i thÃ´ng tin cá»§a á»©ng viÃªn 3 â€“ NTD chá»n vÃ o má»¥c thao tÃ¡c trÃªn 1 há»“ sÆ¡,"[[66, 69]]",[],['NTD'],[],['NTD'],[],"[[66, 69]]",[]
101,"báº±ng cÃ¡ch láº¥y kÃ¬ vá»ng cá»§a phÃ¢n phá»‘i biáº¿n phÃ¢n tÆ°Æ¡ng á»©ng ( vá»›i phÃ¢n phá»‘i Dir , ká»³ vá»ng chÃ­nh lÃ  giÃ¡ trá»‹ trung bÃ¬nh cá»§a tham sá»‘ ) , cá»¥ thá»ƒ : â€¢ Vá»›i má»—i vÄƒn báº£n d = 1 , ... , D : Î¸Ì‚dk âˆ Î³dk ( chuáº©n hÃ³a vectÆ¡ K chiá»u Î³d )","[[72, 75]]",[],['Dir'],[],[],[],[],[]
102,trÃªn toÃ n bá»™ dá»¯ liá»‡u sáº½ Ä‘Æ°á»£c xáº¥p xá»‰ báº±ng Æ°á»›c lÆ°á»£ng Monte Carlo trÃªn táº­p con gá»“m ğ‘ ( ğ‘š ),[],[],[],[],[],[],[],[]
103,cÃ´ng viá»‡c cá»§a VD [ 11 ] . CÃ´ng viá»‡c cá»§a Ä‘á»“ Ã¡n sáº½ mÆ°á»£n Ã½ tÆ°á»Ÿng cá»§a VD vÃ  Ã¡p dá»¥ng cho bÃ i toÃ¡n Há»c liÃªn tá»¥c báº±ng viá»‡c bá»• sung thÃ nh pháº§n tham sá»‘ cá»¥c bá»™ tÆ°Æ¡ng tá»± nhÆ° Ã½ tÆ°á»Ÿng thÃªm,"[[14, 16], [66, 68]]",[],"['VD', 'VD']",[],['VD'],[],"[[14, 16]]",[]
104,"Láº¥y vÃ­ dá»¥ má»™t banner náº±m á»Ÿ vá»‹ trÃ­ zone 2 cÃ³ thá»ƒ hay Ä‘Æ°á»£c click hÆ¡n so vá»›i khi Ä‘áº·t á»Ÿ vá»‹ trÃ­ Sinh viÃªn thá»±c hiá»‡n : Nguyá»…n Trá»ng Nháº­t , 20143316 , K59 , Lá»›p KSTN - CNTT","[[154, 165]]",[],['KSTN - CNTT'],[],[],[],[],[]
105,"Ä‘á»ƒ xáº¥p xá»‰ cho phÃ¢n phá»‘i thá»±c cá»§a ğ‘  khi Ä‘Ã£ biáº¿t dá»¯ liá»‡u . Trong cÃ´ng viá»‡c hiá»‡n táº¡i Ä‘á»ƒ thuáº­n tiá»‡n tÃ­nh toÃ¡n , phÆ°Æ¡ng phÃ¡p GMF Ä‘Æ°á»£c sá»­ dá»¥ng Ä‘á»ƒ lá»±a chá»n cho ğ‘ ( ğ‘  ) , trong","[[120, 123]]",[],['GMF'],[],['GMF'],[],"[[120, 123]]",[]
106,Augmentation ( DA ) vÃ o Decoder cá»§a mÃ´ hÃ¬nh DVAE vÃ  thay tháº¿ phÃ©p thÃªm nhiá»…u vÃ o dá»¯ liá»‡u trÆ°á»›c khi Ä‘Æ°a vÃ o máº¡ng Encoder cá»§a mÃ´ hÃ¬nh . CÃ¡c káº¿t quáº£ cho tháº¥y sá»±,"[[15, 17], [44, 48]]",[],"['DA', 'DVAE']",[],"['DA', 'DVAE']",[],"[[15, 17], [44, 48]]",[]
107,"Cá»¥ thá»ƒ , trong bÃ i Contrastive Multiview Coding ( á»Ÿ [ TKI19 ] ) , bÃ i bÃ¡o Ä‘Ã£ nhÃ¬n má»™t dá»¯ liá»‡u theo nhiá»u hÆ°á»›ng chá»© khÃ´ng pháº£i hai hÆ°á»›ng nhÆ° thÃ´ng thÆ°á»ng . TÃ¡c",[],[],[],[],[],[],[],[]
108,"Sá»­ dá»¥ng má»™t cÃ¡ch lÃ m Ä‘Æ¡n giáº£n , lÃ m nhiá»…u dá»¯ liá»‡u : Chá»‰ vá»›i hÃ m máº¥t mÃ¡t cá»§a AE truyá»n thÃ´ng , bÃ i bÃ¡o Ä‘Ã£ chá»‰ ra ráº±ng biá»ƒu diá»…n áº©n tÃ¬m ra khÃ´ng Ä‘á»§ kháº£","[[76, 78]]",[],['AE'],[],['AE'],[],"[[76, 78]]",[]
109,"NhÆ° thá»ƒ hiá»‡n á»Ÿ hÃ¬nh 5 . 6 , VBD - CL nhÃ¬n chung cÃ³ káº¿t quáº£ tá»‘t hÆ¡n so vá»›i UCL vÃ  AGS - CL máº·c dÃ¹ cÃ³ dao Ä‘á»™ng lá»›n hÆ¡n á»Ÿ má»™t vÃ i tÃ¡c vá»¥ . Äiá»u nÃ y cÃ³ thá»ƒ do tri thá»©c cá»§a tÃ¡c vá»¥ Ä‘Ã³ Ä‘Æ°á»£c lÆ°u giá»¯ á»Ÿ cÃ¡c nÆ¡-ron mÃ  cÃ³ Ä‘á»™ quan","[[28, 36], [74, 77], [81, 89]]",[],"['VBD - CL', 'UCL', 'AGS - CL']",[],"['VBD', '-CL']",[],"[[28, 31], [-1, 2]]",[]
110,"Sau khi quan sÃ¡t Ä‘Æ°á»£c dá»¯ liá»‡u , cÃ¡c tham sá»‘ nÃ y sáº½ Ä‘Æ°á»£c há»c sao cho phÃ¹ há»£p vá»›i dá»¯ liá»‡u Ä‘Ã³ thÃ´ng qua biá»ƒu diá»…n cá»§a xÃ¡c suáº¥t háº­u nghiá»‡m ğ‘ ( ğœƒ | ğ· ) . Theo Ä‘á»‹nh lÃ½ Bayes , xÃ¡c suáº¥t háº­u nghiá»‡m cá»§a tham sá»‘ ğœƒ sau khi cÃ³ dá»¯ liá»‡u D :",[],[],[],[],[],[],[],[]
111,Ä‘Æ°á»£c má»™t phÃ¢n phá»‘i FD trÃªn táº­p D vÄƒn báº£n nÃ y vá»›i : D 1 X,[],[],[],[],[],[],[],[]
112,o Convolution Neural Network ( CNN ) : XÃ¢y dá»±ng mÃ´ hÃ¬nh há»c CNN báº­c tá»« tá»‘i Æ°u hiá»‡u quáº£ huáº¥n luyá»‡n mÃ´ hÃ¬nh sá»­ dá»¥ng Dropout o LSTM : MÃ´ hÃ¬nh há»c triá»ƒn khai LSTM hai chiá»u vÃ  má»™t táº§ng Attention,"[[31, 34], [60, 63], [124, 128], [154, 158]]",[],"['CNN', 'CNN', 'LSTM', 'LSTM']",[],"['CNN', 'LSTM']",[],"[[31, 34], [124, 128]]",[]
113,"3.2 MÃ´ hÃ¬nh Ä‘á» xuáº¥t Thay vÃ¬ sá»­ dá»¥ng mÃ´ hÃ¬nh dá»‹ch dá»±a trÃªn LSTM giá»‘ng nhÆ° nghiÃªn cá»©u gá»‘c [ 19 ] , chÃºng tÃ´i","[[58, 62]]",[],['LSTM'],[],['LSTM'],[],"[[58, 62]]",[]
114,Tham sá»‘ ğœ† trong cÃ´ng thá»©c PT 2.12,"[[26, 28]]",[],['PT'],[],['PT'],[],"[[26, 28]]",[]
115,truyá»n tiáº¿n Ä‘Æ°á»£c biá»ƒu diá»…n nhÆ° sau : zi = W i hiâˆ’1 + bi hi = Ïƒ ( z i ),[],[],[],[],[],[],[],[]
116,"UCL , AGS - CL vÃ  VBD - CL . AGS - CL cÃ³ xu hÆ°á»›ng há»c tÆ°Æ¡ng tá»± nhÆ° á»Ÿ táº­p Split CIFAR100 , cÃ²n UCL má»m dáº»o hÆ¡n khi cÃ³ cÃ³ nhá»¯ng tÃ¡c vá»¥ cáº£i thiá»‡n Ä‘Æ°á»£c Ä‘á»™ chÃ­nh","[[0, 3], [6, 14], [18, 26], [29, 37], [79, 87], [94, 97]]",[],"['UCL', 'AGS - CL', 'VBD - CL', 'AGS - CL', 'CIFAR100', 'UCL']",[],"['UCL', 'AGS-CL']",[],"[[0, 3], [-1, 5]]",[]
117,"HÃ¬nh 7 : TÄƒng kÃ­ch thÆ°á»›c Ä‘áº§u vÃ o sá»­ dá»¥ng Sub-pixel Convolutional Layer ( nguá»“n : [ 10 ] ) Trong hÃ¬nh 7 , xÃ©t táº¡i lá»›p thá»© ba , dá»¯ liá»‡u S Ä‘ang cÃ³ kÃ­ch thÆ°á»›c W Ã— H Ã— ( C Ã— r 2 ) . f ( S ) cÃ³ kÃ­ch",[],[],[],[],[],[],[],[]
118,"xÃ¡c suáº¥t , ta cÃ³ hÃ m máº¥t mÃ¡t nhÆ° sau : L=âˆ’ R",[],[],[],[],[],[],[],[]
119,Sinh viÃªn thá»±c hiá»‡n : Nguyá»…n Tháº¿ Linh - 20142585 Lá»›p CNTT 2. 03 â€“ K59,"[[53, 57]]",[],['CNTT'],[],['CNTT'],[],"[[53, 57]]",[]
120,"chá»§ Ä‘á» kinh doanh , tháº£m há»a , tá»™i pháº¡m vÃ  chÃ­nh trá»‹ vÃ  Ä‘Æ°á»£c láº¥y tá»« nhiá»u nguá»“n khÃ¡c nhau bao gá»“m NYT ( USA ) , Reuters ( Europe ) , Xinhua ( China ) vÃ  táº­p KBP 2015 [ 2 ] . 32","[[98, 101], [104, 107], [157, 160]]",[],"['NYT', 'USA', 'KBP']",[],"['NYT', 'KBP']",[],"[[98, 101], [157, 160]]",[]
121,ChuyÃªn ngÃ nh : Há»‡ thá»‘ng thÃ´ng tin Giáº£ng viÃªn hÆ°á»›ng dáº«n : PGS. TS. ThÃ¢n Quang KhoÃ¡t,"[[57, 61], [62, 65]]",[],"['PGS.', 'TS.']",[],"['PGS', '.TS.']",[],"[[57, 60], [-1, 3]]",[]
122,"danh cá»§a ngÆ°á»i dÃ¹ng vÃ  item lÃ m Ä‘áº§u vÃ o cá»§a mÃ´ hÃ¬nh , ITE - onehot cÅ©ng gáº·p pháº£i váº¥n Ä‘á» cold start . 4 . 2 MÃ´ hÃ¬nh ITE - item _ pcat","[[115, 132], [54, 66]]",[],"['ITE - item _ pcat', 'ITE - onehot']",[],"['item', 'ITE-onehot']",[],"[[23, 27], [-1, 9]]",[]
123,TÆ°Æ¡ng tá»± cÃ¡c nghiÃªn cá»©u trÆ°á»›c em sá»­ dá»¥ng phÆ°Æ¡ng phÃ¡p chia dá»¯ liá»‡u PDTB - Ji . Vá»›i cÃ i Ä‘áº·t nÃ y em sá»­ dá»¥ng 5,"[[66, 70]]",[],['PDTB'],[],['PDTB'],[],"[[66, 70]]",[]
124,"HÃ¬nh 2 . 2 CÃ¡c dáº¡ng bÃ i toÃ¡n RNN [ 5 ] HÃ¬nh 2 . 2 cho tháº¥y cÃ¡c dáº¡ng bÃ i toÃ¡n RNN nhÆ° sau : ïƒ˜ One to one : máº«u bÃ i toÃ¡n cho máº¡ng nÆ¡-ron tháº§n kinh ( NN ) vÃ  máº¡ng nÆ¡ron tÃ­ch cháº­p ( CNN ) , 1 Ä‘áº§u vÃ o vÃ  1 Ä‘áº§u ra , vÃ­ dá»¥ vá»›i bÃ i toÃ¡n phÃ¢n loáº¡i","[[29, 32], [77, 80], [147, 149], [178, 181]]","[[123, 144], [155, 175]]","['RNN', 'RNN', 'NN', 'CNN']","['máº¡ng nÆ¡-ron tháº§n kinh', 'máº¡ng nÆ¡ron tÃ­ch cháº­p']","['RNN', 'CNN']","['máº¡ng nÆ¡-ron tháº§n kinh', 'máº¡ng nÆ¡ron tÃ­ch cháº­p']","[[29, 32], [178, 181]]","[[123, 144], [155, 175]]"
125,2 . Má»¥c Ä‘Ã­ch ná»™i dung cá»§a ÄATN TÃ¬m hiá»ƒu Ã¡p dá»¥ng cÃ¡c phÆ°Æ¡ng phÃ¡p vÃ  ká»¹ thuáº­t vá» xá»­ lÃ½ ngÃ´n ngá»¯ tá»± nhiÃªn vÃ  há»c sÃ¢u cho bÃ i toÃ¡n nháº­n dáº¡ng quan há»‡ áº©n giá»¯a hai cÃ¢u vá»›i dá»¯ liá»‡u Penn Discourse Treebank nháº±m cáº£i thiá»‡n,"[[26, 30]]",[],['ÄATN'],[],['ÄATN'],[],"[[26, 30]]",[]
126,"In Advances in neural information processing systems , pages 1153 â€“ 1161 , 2015 . Sinh viÃªn thá»±c hiá»‡n : Nguyá»…n VÄƒn SÆ¡n , 20143863 , K59 , Lá»›p KSTN - CNTT","[[142, 153]]",[],['KSTN - CNTT'],[],['â€“'],[],"[[66, 67]]",[]
127,"Khi cá»‘ Ä‘á»‹nh Q , viá»‡c tá»‘i Æ°u P Ä‘Æ°á»£c Ä‘Æ°a vá» bÃ i toÃ¡n tá»‘i Æ°u hÃ m N 1 X X",[],[],[],[],[],[],[],[]
128,hÃ m Digamma Î“ hÃ m Gamma,[],[],[],[],[],[],[],[]
129,"HÃ m máº¥t mÃ¡t dÃ¹ng Ä‘á»ƒ thá»±c hiá»‡n nhiá»‡m vá»¥ phÃ¢n loáº¡i . Vá»›i má»™t batch N dá»¯ liá»‡u Ä‘áº§u vÃ o ta Ä‘Æ°á»£c 2N view sau khi Ä‘i qua cÃ¡c phÃ©p DA , thÃ´ng qua hÃ m máº¥t","[[123, 125]]",[],['DA'],[],['DA'],[],"[[123, 125]]",[]
130,"Tuy nhiÃªn , cÃ¡c mÃ´ hÃ¬nh nÃ y láº¡i bá» qua sá»± liÃªn káº¿t giá»¯a cÃ¡c tá»« ná»‘i vá»›i quan há»‡ giá»¯a hai cÃ¢u . Cá»¥ thá»ƒ , vá»›i táº­p dá»¯ liá»‡u PDTB","[[119, 123]]",[],['PDTB'],[],[],[],[],[]
131,"hÃ¬nh sao cho xÃ¡c suáº¥t dá»± Ä‘oÃ¡n cÃ¡c Positive Samples lÃ  cao hÆ¡n . Cá»¥ thá»ƒ , xÃ¡c suáº¥t má»—i bÃ i bÃ¡o Ä‘Æ°á»£c User quan tÃ¢m lÃ  ğ‘¦ + , xÃ¡c suáº¥t dá»± Ä‘oÃ¡n K bÃ i khÃ´ng Ä‘Æ°á»£c User Ä‘Ã³ quan tÃ¢m [ ğ‘¦1âˆ’ , ğ‘¦2 âˆ’ , . . . , ğ‘¦ğ¾âˆ’ ] , Ä‘iá»ƒm sá»‘ Ä‘Æ°á»£c tÃ­nh bá»Ÿi cÃ´ng thá»©c :",[],[],[],[],[],[],[],[]
132,kiáº¿n trÃºc máº¡ng nÆ¡-ron cá»§a cÃ¡c mÃ´ hÃ¬nh vÃ  cÃ´ng thá»©c hÃ m dá»± Ä‘oÃ¡n sáº½ thá»ƒ hiá»‡n cho tÃ­nh thá»© tá»± cá»§a hÃ nh vi tiá»m áº©n vÃ  rÃµ rÃ ng . 4.1 MÃ´ hÃ¬nh ITE- onehot,"[[136, 147]]",[],['ITE- onehot'],[],[],[],[],[]
133,TÃ­nh cháº¥t cá»§a cÃ¡c phÃ¢n phá»‘i Gamma : ï‚· E ( X ) = ğ›¾ğ‘ â„ğ‘,[],[],[],[],[],[],[],[]
134,"encoder , mÃ´ hÃ¬nh ngÃ´n ngá»¯ sáº½ biáº¿n Ä‘á»•i chuá»—i Ä‘áº§u vÃ o x = ( x1 , x2 , . . . xn ) thÃ nh ma tráº­n Z = W + P trong Ä‘Ã³ W = ( w2 , f w2 , . . . , wn ) lÃ  ma tráº­n cÃ¡c vector embedding thuá»™c khÃ´ng gian Rf , P = ( p1 , p2 , . . . , pn ) lÃ  cÃ¡c ma tráº­n cÃ¡c Ã¡nh xáº¡ vá»‹ trÃ­ vÃ o khÃ´ng gian Rf tÆ°Æ¡ng á»©ng",[],[],[],[],[],[],[],[]
135,"Äá»ƒ thá»‘ng nháº¥t vá»›i VD , p Ä‘Æ°á»£c chá»n lÃ m giÃ¡ trá»‹ Ä‘áº¡i diá»‡n cho Ä‘á»™ quan trá»ng cá»§a nÆ¡-ron trong cÃ¡c pháº§n trÃ¬nh bÃ y phÃ­a dÆ°á»›i . Má»—i tÃ¡c vá»¥ , mÃ´ hÃ¬nh chá»‰ cáº§n lÆ°u láº¡i bá»™","[[18, 20]]",[],['VD'],[],['VD'],[],"[[18, 20]]",[]
136,HAT 10 TÃ¡c v 10,"[[0, 3]]",[],['HAT'],[],['HAT'],[],"[[0, 3]]",[]
137,"[ log p(D|Î¸ )] âˆ’ KL ( qÏ† (Î¸ ) | p (Î¸ ) ) . Trong cÃ´ng thá»©c biá»ƒu diá»…n ELBO 2. 14 , thÃ nh pháº§n EqÏ† (Î¸ ) [ log p( D|Î¸ ) ] chÃ­nh lÃ  ká»³","[[69, 73]]",[],['ELBO'],[],[],[],[],[]
138,"cÃ³ dáº¡ng tÆ°á»ng minh ( PT 2.17 ) vÃ  thuáº­n tiá»‡n cho viá»‡c tÃ­nh toÃ¡n , Ä‘áº¡o hÃ m . Giáº£i thuáº­t cá»§a VCL Ä‘Æ°á»£c diá»…n giáº£i trong HÃ¬nh 2 . 3 .","[[21, 23], [91, 94]]",[],"['PT', 'VCL']",[],"['PT', 'VCL']",[],"[[21, 23], [91, 94]]",[]
139,"ITE- onehot , ITE- item_pcat , ITE - user _ item _ pcat , NMTR vÃ  MTMF â€¢ So sÃ¡nh cÃ¡c mÃ´ hÃ¬nh khi sá»‘ thuá»™c tÃ­nh áº©n k thay Ä‘á»•i","[[0, 11], [14, 28], [31, 55], [58, 62], [66, 70]]",[],"['ITE- onehot', 'ITE- item_pcat', 'ITE - user _ item _ pcat', 'NMTR', 'MTMF']",[],"['ITE-onehot', 'NMTR', 'MTMF']",[],"[[-1, 9], [58, 62], [66, 70]]",[]
140,17 CHÆ¯Æ NG 3 . CÃ”NG VIá»†C LIÃŠN QUAN,[],[],[],[],[],[],[],[]
141,"gá»n hÆ¡n . NgoÃ i ra , mÃ´ hÃ¬nh há»‡ gá»£i Ã½ dá»±a trÃªn Ã½ tÆ°á»Ÿng cá»§a mÃ´ hÃ¬nh BERT trong xá»­ lÃ½ ngÃ´n ngá»¯ tá»± nhiÃªn cÅ©ng cho káº¿t quáº£ tá»‘t , mang nhiá»u Ã½ nghÄ©a tá»« viá»‡c há»c","[[67, 71]]",[],['BERT'],[],['BERT'],['xá»­ lÃ½ ngÃ´n ngá»¯ tá»± nhiÃªn'],"[[67, 71]]","[[78, 101]]"
142,"Äáº§u vÃ o : Táº­p dá»¯ liá»‡u { ğ‘¥1 , ğ‘¥2 , â€¦ , ğ‘¥ğ‘ } ; ğ‘¥ğ‘› âˆˆ â„ğ‘€ ; sá»‘ cá»¥m K ( K < N ) . Äáº§u ra : Táº­p cÃ¡c tÃ¢m cá»¥m { ğœ‡1 , ğœ‡2 , â€¦ , ğœ‡ğ¾ } ; ğœ‡ğ‘˜ âˆˆ â„ğ‘€ ; táº­p nhÃ£n á»©ng vá»›i tá»«ng quan 28",[],[],[],[],[],[],[],[]
143,QuÃ¡ trÃ¬nh tÃ­nh toÃ¡n nÃ y Ä‘Æ°á»£c biá»ƒu diá»…n bá»Ÿi cÃ´ng thá»©c sau : QK T,[],[],[],[],[],[],[],[]
144,"Ä‘á»“ thá»‹ tÃ­ch cháº­p ( GCN ) vÃ o phÃ¢n loáº¡i vÄƒn báº£n , Ä‘á»“ng thá»i Ä‘Æ°a ra cáº£i tiáº¿n báº±ng viá»‡c káº¿t há»£p mÃ´ hÃ¬nh nÃ y vá»›i mÃ´ hÃ¬nh chá»§ Ä‘á» ( topic modeling ) Ä‘á»ƒ giáº£i quyáº¿t bÃ i toÃ¡n phÃ¢n loáº¡i vÄƒn báº£n .","[[19, 22]]",[],['GCN'],[],['GCN'],['Ä‘á»“ thá»‹ tÃ­ch cháº­p'],"[[19, 22]]","[[0, 16]]"
145,"cÅ©ng xÃ©t Ä‘áº¿n viá»‡c káº¿t há»£p nhiá»u loáº¡i DA khÃ¡c nhau : 1 . LiÃªn quan Ä‘áº¿n khÃ´ng gian : cropping , resizing , cutout , rotate","[[37, 39]]",[],['DA'],[],['DA'],[],"[[37, 39]]",[]
146,"Ã­ch nháº¥t , trong Ä‘Ã³ cÃ¡c ma tráº­n ban Ä‘áº§u cÃ³ thá»ƒ Ä‘áº¡i diá»‡n cho má»™t bá»©c áº£nh hoáº·c má»™t cÃ¢u . Äá»ƒ hiá»ƒu rÃµ hÆ¡n ta láº¥y vÃ­ dá»¥ : HÃ¬nh 1 : CÆ¡ cháº¿ nhÃ¢n cháº­p trong CNN","[[149, 152]]",[],['CNN'],[],[],[],[],[]
147,mÃ´ hÃ¬nh cá»§a ALV . b . Káº¿t quáº£ thá»­ nghiá»‡m trÃªn Split CIFAR100 : HÃ¬nh 4 . 8 Ä‘Æ°a ra káº¿t quáº£ thá»­ nghiá»‡m trÃªn bá»™ dá»¯ liá»‡u Split CIFAR100 cá»§a cÃ¡c,"[[12, 15], [52, 60], [122, 130]]",[],"['ALV', 'CIFAR100', 'CIFAR100']",[],"['ALV', 'CIFAR100']",[],"[[12, 15], [52, 60]]",[]
148,Sá»‘ Ä‘iá»‡n thoáº¡i : 037 9696 690 Lá»›p : KHMT. 02 â€“ K62 MÃ£ sá»‘ sinh viÃªn : 20173264,"[[35, 39]]",[],['KHMT'],[],['KHMT'],[],"[[35, 39]]",[]
149,"tá»‘ nhiá»…u vÃ o trong bá»©c áº£nh . Trong khi Ä‘Ã³ , nhÆ° mÃ´ táº£ bÃªn trÃªn , sá»± khÃ¡c biá»‡t giá»¯a Variational Autoencoder ( VAE ) vÃ  mÃ´ hÃ¬nh Autoencoder gá»‘c náº±m á»Ÿ viá»‡c xá»­ lÃ½ Ä‘áº§u","[[109, 112]]",[],['VAE'],[],['VAE'],[],"[[109, 112]]",[]
150,"KhÃ¡c vá»›i 2 mÃ´ hÃ¬nh Ä‘Æ°á»£c giá»›i thiá»‡u trÃªn , mÃ´ hÃ¬nh LSTUR Ä‘Æ°á»£c xÃ¢y dá»±ng dá»±a trÃªn má»™t sá»‘ luáº­n Ä‘iá»ƒm cáº£i thiá»‡n : -","[[50, 55]]",[],['LSTUR'],[],['LSTUR'],[],"[[50, 55]]",[]
151,â€¢ sá»‘ thuá»™c tÃ­nh áº©n k ( number factors ) : sá»‘ thuá»™c tÃ­nh trong táº§ng áº©n cuá»‘i cÃ¹ng cá»§a hai mÃ´ hÃ¬nh con GMF vÃ  MLP ( xem láº¡i HÃ¬nh 8 ) . Äá»‘i vá»›i mÃ´ hÃ¬nh,"[[100, 103], [107, 110]]",[],"['GMF', 'MLP']",[],"['GMF', 'MLP']",[],"[[100, 103], [107, 110]]",[]
152,"phá»‘i mÃ  VAE sá»­ dá»¥ng Ä‘á»ƒ xáº¥p xá»‰ phÃ¢n phá»‘i háº­u nghiá»‡m . Äá»©ng trÆ°á»›c giáº£ thuyáº¿t nÃ y , mÃ´ hÃ¬nh Denoising Variational Autoencoder ( DVAE ) Ä‘Ã£ Ä‘Æ°á»£c sá»§ dá»¥ng nháº±m nÃ¢ng cao kháº£ nÄƒng xáº¥p xá»‰ xÃ¡c suáº¥t cá»§a mÃ´ hÃ¬nh dá»¯ liá»‡u gá»‘c","[[8, 11], [125, 129]]",[],"['VAE', 'DVAE']",[],['VAE'],[],"[[8, 11]]",[]
153,"dá»¯ liá»‡u tÆ°Æ¡ng tÃ¡c , tá»« Ä‘Ã³ cáº£i thiá»‡n cháº¥t lÆ°á»£ng gá»£i Ã½ hay khÃ´ng ? Sinh viÃªn thá»±c hiá»‡n : Nguyá»…n Trá»ng Nháº­t , 20143316 , K59 , Lá»›p KSTN - CNTT 38","[[128, 139]]",[],['KSTN - CNTT'],[],['KSTN-CNTT'],[],"[[-1, 8]]",[]
154,â€˜ polynomial â€™ . 24 Em chá»n LinearSVC ( nhÃ¢n linear ) Ä‘á»ƒ tuning vÃ  so sÃ¡nh vá»›i mÃ´ hÃ¬nh há»c HAN .,"[[28, 37], [91, 94]]",[],"['LinearSVC', 'HAN']",[],['HAN'],['nhÃ¢n linear'],"[[91, 94]]","[[40, 51]]"
155,"Ä‘á»u cÃ³ thá»ƒ táº¡o ra Ä‘Æ°á»£c tÆ°Æ¡ng tá»± tá»« viá»‡c sá»­ dá»¥ng phÃ©p DA random cropping ( giáº£i thÃ­ch á»Ÿ hÃ¬nh 13 , vá»›i hÃ¬nh nÃ©t liá»n lÃ  bá»©c áº£nh ban Ä‘áº§u cÃ²n hÃ¬nh nÃ©t cháº¥m lÃ  cÃ¡c pháº§n áº£nh bá»‹ crop má»™t cÃ¡ch ngáº«u nhiÃªn , táº¡o thÃ nh 2 pretext task tÆ°Æ¡ng tá»± vá»›i cÃ¡c","[[53, 55]]",[],['DA'],[],['DA'],[],"[[53, 55]]",[]
156,Sinh viÃªn thá»±c hiá»‡n LÃª Háº£i Nam Má»¤C Lá»¤C,[],[],[],[],[],[],[],[]
157,quan qua HÃ¬nh 2 . 2 . HÃ¬nh 2 . 2 Ã tÆ°á»Ÿng trá»±c quan cá»§a EWC . Nguá»“n [ 1 ] .,"[[55, 58]]",[],['EWC'],[],['EWC'],[],"[[55, 58]]",[]
158,"[ âˆ‡ log p( x, y | Î¸ ) âˆ‡ log p ( x , y |Î¸)T ] ( 3.2 ) Vá»›i Pxy lÃ  phÃ¢n phá»‘i mÃ´ hÃ¬nh há»c Ä‘Æ°á»£c tá»« D = { x, y} tuÃ¢n theo phÃ¢n phá»‘i thá»±c",[],[],[],[],[],[],[],[]
159,"ğ‘  ( ğ‘¢ , ğ‘’ğ‘¥ ) = ğ‘¢ğ‘‡ ğ‘’ğ‘¥ QuÃ¡ trÃ¬nh huáº¥n luyá»‡n Ä‘Æ°á»£c káº¿ thá»«a cÃ¡ch láº¥y máº«u Ä‘Æ°á»£c giá»›i thiá»‡u bá»Ÿi [ 9 ] vÃ  [ 13 ] , vá»›i má»—i bÃ i bÃ¡o Ä‘Æ°á»£c click ( Positive Sample ) , láº¥y ngáº«u nhiÃªn K bÃ i bÃ¡o khÃ´ng",[],[],[],[],[],[],[],[]
